{
	"name": "Servidor",
	"description": "",
	"version": "1.0.0",
	"homepage": "",
	"mainsrc": "./",
	"projects": [],
	"dependencies": {
		"github.com/hashload/horse": "^2.0.7",
		"github.com/hashload/jhonson": "^1.0.9",
		"https://github.com/bittencourtthulio/horse-etag": ">0.0.0",
		"https://github.com/bittencourtthulio/horse-paginate": ">0.0.0",
		"https://github.com/gabrielbaltazar/gbswagger": "^2.1.0",
		"https://github.com/hashload/handle-exception": "^0.1.4",
		"https://github.com/hashload/horse-basic-auth": "^v1.1.4",
		"https://github.com/hashload/horse-compression": "^v1.1.2",
		"https://github.com/hashload/horse-cors": "^1.0.2",
		"https://github.com/hashload/horse-jwt": "^2.0.0",
		"https://github.com/hashload/horse-octet-stream": "^1.9.3"
	}
}